dram,num_streams,controller_cycles,simulated_time_ms,avg_read_latency_cycles,avg_read_latency_ns,throughput_GBps,read_requests,write_requests,row_hits,row_misses,row_conflicts,row_hit_rate_pct,run_time_s
DDR3,1,4097118,5.1213975,144.199539,180.24942374999998,12.49619043,1000000,0,991359,5241,3368,99.13907245031841,3.090484142303467
DDR3,4,5058892,6.323615,175.52066,219.400825,10.12046875,1000000,0,930472,2627,66869,93.05017760568339,3.7823615074157715
DDR3,16,9140345,11.42543125,307.694916,384.61864499999996,5.601359863,1000000,0,755831,1467,242670,75.58551873659957,6.342248201370239
DDR4,1,5347844,4.454754052,191.271805,159.32941356499998,14.366213867,1000000,0,991329,8639,0,99.13607235431533,4.086078405380249
DDR4,4,7836646,6.527926118,271.735321,226.355522393,9.803708984,1000000,0,940873,2679,56416,94.09031088994848,6.033022403717041
DDR4,16,14990746,12.487291418,503.612701,419.509379933,5.125046387,1000000,0,755279,1616,243073,75.53031697014305,10.675780057907104
DDR5,1,4577097,1.904072352,335.4969635,139.566736816,33.610015624,1000000,0,982711,17225,0,98.27738975294419,5.893959999084473
DDR5,4,8038378,3.3439652479999995,549.5209045,228.600696272,19.137730468,1000000,0,930216,5673,64047,93.02755376344086,10.541830778121948
DDR5,16,16478106,6.8548920959999995,1044.177795,434.37796272,9.335856445,1000000,0,736453,3028,260463,73.6494243677646,19.346829414367676
GDDR6,1,345055,0.19737146,114.68280125,65.598562315,162.089343752,1000000,0,982928,13312,3512,98.31718266130001,1.8579950332641602
GDDR6,4,1450766,0.8298381519999999,378.911037375,216.73711337849997,38.552288575,1000000,0,841978,6401,151381,84.2180123229575,6.116654634475708
GDDR6,16,3113407,1.7808688039999998,685.0012981977441,391.8207425691096,17.965001951999998,1000000,0,697220,5716,296862,69.73608668951128,11.214914083480835
GDDR7,1,360802,0.20601794199999998,119.83572825,68.42620083074999,155.28528124800002,1000000,0,983247,13105,3392,98.34987756865758,1.765953540802002
GDDR7,4,981367,0.5603605569999999,263.5407905,150.4817913755,57.093351074,1000000,0,926097,6164,67516,92.630356569515,4.0991294384002686
GDDR7,16,3615598,2.064506458,791.16362461768,451.7544296566952,15.496817384,1000000,0,697905,7078,294812,69.80480998604715,12.101115942001343
HBM1,1,186878,0.186878,63.081695,63.081695,171.190875,1000000,0,983536,3064,13152,98.37799774344037,1.7263169288635254
HBM1,4,453364,0.453364,125.25803475,125.25803475,70.56631054900001,1000000,0,933698,4576,61486,93.39221413139154,3.619767665863037
HBM1,16,1792512,1.792512,394.405797130864,394.405797130864,17.848543214000003,1000000,0,702492,3978,293337,70.26276071281757,11.267641305923462
HBM2,1,120593,0.120593,78.2302025,78.2302025,265.2195,1000000,0,967264,15440,16800,96.77440010245081,2.8621556758880615
HBM2,4,326100,0.3261,175.0113143125,175.0113143125,98.081324705,1000000,0,914370,9204,75945,91.48100236213618,6.613421440124512
HBM2,16,977264,0.977264,411.520706846576,411.520706846576,32.73088965,1000000,0,674032,5142,320430,67.42990224128755,14.865199327468872
HBM3,1,147360,0.0921,196.33955209375,122.71222005859374,695.2755,1000000,0,967073,24479,7424,96.80642978409892,5.454597473144531
HBM3,4,464834,0.29052125,491.43627009882005,307.1476688117625,220.43402685200002,1000000,0,915695,8968,74373,91.65785817528096,15.308521032333374
HBM3,16,1624411,1.015256875,1327.5029660456642,829.6893537785401,63.086472774,1000000,0,664320,4982,329911,66.48432316232875,40.14366674423218
HBM4,1,84194,0.042097,216.42524596875,108.212622984375,1517.184750016,1000000,0,966111,22464,9441,96.8031574644094,6.564093112945557
HBM4,4,276837,0.1384185,570.0235896963479,285.01179484817396,461.449546868,1000000,0,914863,9126,74093,91.66210792299631,18.32740592956543
HBM4,16,1037008,0.518504,1667.029437561408,833.514718780704,123.22972240700001,1000000,0,663095,4655,330660,66.41510000901434,50.652135372161865
LPDDR5,1,1251391,1.56423875,99.3651965,124.206495625,20.455925781999998,1000000,0,982998,12825,4113,98.30609158986175,2.635160446166992
LPDDR5,4,2846531,3.55816375,198.358597,247.94824625,8.992809569999999,1000000,0,928605,5695,65636,92.86644345238095,5.70435643196106
LPDDR5,16,6517234,8.1465425,417.2312465,521.539058125,3.927826782,1000000,0,736010,3972,259962,73.60512188682566,10.68013620376587
LPDDR6,1,3982735,1.493525625,317.70636,119.139885,21.424441406000003,1000000,0,983110,12212,4614,98.31729230670763,7.546436309814453
LPDDR6,4,9728348,3.6481305,672.5683595,252.21313481250002,8.771054688,1000000,0,931060,5268,63609,93.111866047561,17.719124794006348
LPDDR6,16,27703454,10.38879525,1740.6431275,652.7411728125,3.080062988,1000000,0,733355,2934,263655,73.339607017993,42.89431381225586
