dram,max_nop_counter,unloaded_latency_ns,max_throughput_GBps,nop_counter_at_max_throughput
ddr3,100000.0,41.22443625,12.407770508,1.0
ddr4,100000.0,45.133440232999995,18.253494141,8.0
ddr5,100000.0,41.766565568,35.196025391000006,8.0
gddr6,100000.0,35.925145256,201.66062695200003,1.0
gddr7,100000.0,37.51418438699999,414.605175782,1.0
hbm1,100000.0,39.132999,187.474595702,1.0
hbm2,100000.0,38.6576,183.126427734,1.0
hbm3,100000.0,77.367310625,685.824398438,1.0
hbm4,100000.0,36.15976325,893.975744141,1.0
lpddr5,100000.0,58.519125,21.155585938,1.0
lpddr6,100000.0,70.523397375,22.939735352,6.0
